{
  "final_weight_kg": {
    "mae": 0.09196077583582693,
    "rmse": 0.11532126568060723,
    "r2": 0.9304950955153248
  },
  "mortality_rate_pct": {
    "mae": 0.20381629431649903,
    "rmse": 0.28871932927164734,
    "r2": 0.8587054640182155
  },
  "avg_daily_gain_g": {
    "mae": 2.1361454466378893,
    "rmse": 2.732352324499322,
    "r2": 0.7025248301804146
  },
  "feed_intake_kg": {
    "mae": 0.16565306764507112,
    "rmse": 0.21185742130959884,
    "r2": 0.9270053983237734
  },
  "fcr": {
    "mae": 0.0850745484021498,
    "rmse": 0.10553234682408313,
    "r2": 0.27393845523375304
  },
  "annual_revenue_usd": {
    "mae": 3212.8983721498585,
    "rmse": 4444.426680509182,
    "r2": 0.978971697343482
  }
}