{
  "final_weight_kg": {
    "mae": 0.09782773638085687,
    "rmse": 0.12253463209275371,
    "r2": 0.9215280666423836
  },
  "mortality_rate_pct": {
    "mae": 0.2149599791696045,
    "rmse": 0.30566950430841294,
    "r2": 0.8416281927720863
  },
  "avg_daily_gain_g": {
    "mae": 2.261054864073567,
    "rmse": 2.8975924590854443,
    "r2": 0.6654570141642642
  },
  "feed_intake_kg": {
    "mae": 0.17404215215749436,
    "rmse": 0.22257976826669185,
    "r2": 0.9194297425799338
  },
  "fcr": {
    "mae": 0.0868144501188114,
    "rmse": 0.10765150366950202,
    "r2": 0.24448612599481345
  },
  "annual_revenue_usd": {
    "mae": 3555.6565927419983,
    "rmse": 4952.647772112044,
    "r2": 0.9738875505724938
  }
}